{
  "format_version": "1.10.0",
  "particle_effect": {
    "description": {
      "identifier": "raigen:earth_shaker_impact_particles",
      "basic_render_parameters": {
        "material": "particles_alpha",
        "texture": "textures/elemental_weapons/particles"
      }
    },
    "components": {
      "minecraft:emitter_rate_instant": {
        "num_particles": 30
      },
      "minecraft:emitter_lifetime_once": {
        "active_time": 1
      },
      "minecraft:emitter_shape_point": {
        "offset": ["variable.is_vertical = Math.Random(0.0, 1.0) > 0.7; variable.splash_power = Math.random(0.0, 1.0) * variable.splash_range; variable.color_brightness = 0.75 + Math.random(0.0, 1.0) * 0.25; return 0.0;", 0, 0],
        "direction": ["(variable.is_vertical > 0 ? 0.15 : 1.0) * Math.random(-1,1)", 0, "(variable.is_vertical > 0 ? 0.15 : 1.0) * Math.random(-1,1)"]
      },
      "minecraft:particle_lifetime_expression": {
        "max_lifetime": "Math.random(0.7, 1.5)"
      },
      "minecraft:particle_initial_speed": 8,
      "minecraft:particle_motion_dynamic": {
        "linear_acceleration": ["(variable.particle_random_1 * 2 - 1) * variable.splash_power * (variable.is_vertical > 0 ? 0.2 : 0.5) * 1.0", 0, "(variable.particle_random_2 * 2 - 1) * variable.splash_power * (variable.is_vertical > 0 ? 0.2 : 0.5) * 1.0"],
        "linear_drag_coefficient": 2
      },
      "minecraft:particle_appearance_billboard": {
        "size": [0.8, 0.8],
        "facing_camera_mode": "lookat_xyz",
        "uv": {
          "texture_width": 128,
          "texture_height": 64,
          "flipbook": {
            "base_UV": [64, 8],
            "size_UV": [16, 16],
            "step_UV": [16, 0],
            "frames_per_second": 4,
            "max_frame": 4,
            "stretch_to_lifetime": true
          }
        }
      },
	  "minecraft:particle_appearance_tinting": {
		"color": [0.69412, 0.61176, 0.49804, 1]
	  }
    }
  }
}