{
  "format_version": "1.10.0",
  "particle_effect": {
    "description": {
      "identifier": "raigen:hail_master_effect",
      "basic_render_parameters": {
        "material": "particles_alpha",
        "texture": "textures/elemental_weapons/particles"
      }
    },
    "components": {
      "minecraft:emitter_rate_steady": {
        "spawn_rate": 100,
        "max_particles": 400
      },
      "minecraft:emitter_lifetime_looping": {
        "active_time": 1
      },
      "minecraft:emitter_shape_disc": {
        "offset": [0, 40, 0],
        "radius": 1,
        "direction": ["Math.random(-1, 1)/2", "-16-Math.random(0, 8)", "Math.random(-1, 1)/2"]
      },
      "minecraft:particle_lifetime_expression": {
        "max_lifetime": 0.55
      },
      "minecraft:particle_initial_speed": "16+Math.random(0, 8)",
      "minecraft:particle_motion_dynamic": {
        "linear_acceleration": [0, -200, 0]
      },
      "minecraft:particle_appearance_billboard": {
        "size": [0.5, 0.5],
        "facing_camera_mode": "lookat_y",
        "uv": {
          "texture_width": 128,
          "texture_height": 64,
          "uv": [0, 36],
          "uv_size": [28, 28]
        }
      },
      "minecraft:particle_appearance_lighting": {}
    }
  }
}