{
  "format_version": "1.10.0",
  "particle_effect": {
    "description": {
      "identifier": "raigen:ipo_ipo_effect",
      "basic_render_parameters": {
        "material": "particles_alpha",
        "texture": "textures/particle/particles"
      }
    },
    "components": {
      "minecraft:emitter_rate_steady": {
        "spawn_rate": 200,
        "max_particles": 1000
      },
      "minecraft:emitter_lifetime_once": {
        "active_time": 2
      },
      "minecraft:emitter_shape_point": {},
      "minecraft:particle_lifetime_expression": {
        "max_lifetime": 2
      },
      "minecraft:particle_initial_speed": 0,
      "minecraft:particle_motion_parametric": {
        "relative_position": ["math.random(0.1, 1.1) * Math.sin(891.67 * variable.particle_age)", "2.75 * variable.particle_age", "math.random(0.1, 1.1) * Math.cos(891.67 * variable.particle_age)"]
      },
      "minecraft:particle_appearance_billboard": {
        "size": ["(0.05 * variable.particle_random_1+0.1)*(variable.particle_random_2*0.9+0.2)", "(0.05*variable.particle_random_1+0.1)*(variable.particle_random_2*0.9+0.2)"],
        "facing_camera_mode": "lookat_xyz",
        "uv": {
          "texture_width": 128,
          "texture_height": 128,
          "flipbook": {
            "size_UV": [8, 8],
            "step_UV": [8, 0],
            "frames_per_second": 8,
            "max_frame": 8,
            "stretch_to_lifetime": true
          }
        }
      },
      "minecraft:particle_appearance_tinting": {
        "color": [0.76863, 0.97255, 1, 1]
      }
    }
  }
}