{
  "entity_sounds": {
    "entities": {
      "raigen:item_ground_elemental_weapons": {
        "volume": 1.0,
        "pitch": [ 0.8, 1.0 ],
        "events": {
          "death": "mob.chicken.plop"
        }
      },
      "raigen:place_spell_tile": {
        "volume": 1.0,
        "pitch": [ 0.8, 1.0 ],
        "events": {
          "death": "mob.chicken.plop"
        }
      },
      "raigen:glacier_breaker_ice": {
        "volume": 1.0,
        "pitch": [ 0.8, 1.0 ],
        "events": {
          "death": "random.glass",
          "hurt": "random.glass"
        }
      }
	}
  }
}