{
	"format_version": "1.10.0",
	"particle_effect": {
		"description": {
			"identifier": "sqth:mcd_stunning_particle",
			"basic_render_parameters": {
				"material": "particles_alpha",
				"texture": "textures/particle/stunning_particle"
			}
		},
		"components": {
			"minecraft:emitter_rate_steady": {
				"spawn_rate": 1,
				"max_particles": 100
			},
			"minecraft:emitter_lifetime_looping": {
				"active_time": 1
			},
			"minecraft:emitter_shape_point": {},
			"minecraft:particle_lifetime_expression": {
				"max_lifetime": 2.2
			},
			"minecraft:particle_initial_spin": {
				"rotation_rate": 100
			},
			"minecraft:particle_motion_parametric": {
				"relative_position": [0, 2.5, 0]
			},
			"minecraft:particle_motion_dynamic": {
				"rotation_acceleration": 50
			},
			"minecraft:particle_appearance_billboard": {
				"size": [0.2, 0.2],
				"facing_camera_mode": "lookat_y",
				"uv": {
					"texture_width": 16,
					"texture_height": 16,
					"uv": [0, 0],
					"uv_size": [1, 1]
				}
			}
		}
	}
}