{
	"elemental_weapons.sonic_gust_swing": {
		"sounds": [
			{
				"name": "sounds/elemental_weapons/sonic_gust_swing",
				"volume": 1.2
			}
		]
	},
	"elemental_weapons.swift_mist_sprint": {
		"sounds": [
			{
				"name": "sounds/elemental_weapons/swift_mist_sprint",
				"volume": 1.2
			}
		]
	},
	"elemental_weapons.polar_winds_swing": {
		"sounds": [
			{
				"name": "sounds/elemental_weapons/polar_winds_swing",
				"volume": 1.2
			}
		]
	},
	"elemental_weapons.solar_strike_beam": {
		"sounds": [
			{
				"name": "sounds/elemental_weapons/solar_strike_beam",
				"volume": 1.2
			}
		]
	}
}