{
  "format_version": "1.8.0",
  "minecraft:entity": {
    "description": {
      "identifier": "raigen:earth_shaker_crater",
      "is_spawnable": false,
      "is_summonable": true,
      "is_experimental": false
    },
	
	"component_groups": {
	  "minecraft:despawn": {
	    "minecraft:type_family": { "family": [ "despawncito" ] }
	  }
	},

    "components": {
	  "minecraft:timer": {
	    "looping": false,
		"randomInterval": false,
		"time": 4.9,
		"time_down_event": {
		  "event": "minecraft:event_despawn"
		}
	  },
	  "minecraft:despawn": {
	    "filters": {
		  "all_of": [
		    { "test": "is_family", "subject": "self", "value": "despawncito" }
		  ]
		}
	  },
	  "minecraft:physics": {
	    "has_collision": false,
		"has_gravity": false
	  },
	  "minecraft:push_through": {
	    "value": 1.0
	  },
	  "minecraft:collision_box": {
	    "height": 0.0,
		"width": 0.0
	  },
	  "minecraft:damage_sensor": [
	    {
		  "cause": "any",
		  "deals_damage": false
		}
	  ],
	  "minecraft:knockback_resistance": {
	    "value": 1.0
	  },
	  "minecraft:pushable": {
	    "is_pushable": false,
		"is_pushable_by_piston": false
	  }
    },
	
	"events": {
	  "minecraft:event_despawn": {
	    "add": { "component_groups": [ "minecraft:despawn" ] }
	  }
	}
  }
}