{
  "format_version": "1.8.0",
  "minecraft:entity": {
	"description": {
      "identifier": "raigen:item_ground_elemental_weapons",
      "is_spawnable": true,
      "is_summonable": true,
      "is_experimental": false
    },
	
	"component_groups": {
	  "minecraft:default": {
	    "minecraft:variant": {
		  "value": 0
		},
		"minecraft:interact": [
		  {
		    "on_interact": {
			  "filters": {
			    "all_of": [
				  { "test": "has_equipment", "subject": "other", "domain": "hand", "value": "raigen:atomic_wave"},
                  { "test" :  "is_family", "subject" : "other", "value" :  "player"}
				]
			  }, "event": "minecraft:event_atomic_wave"
		    }, "use_item": true, "play_sounds": "plop", "interact_text": "action.interact.place"
		  },
		  {
		    "on_interact": {
			  "filters": {
			    "all_of": [
				  { "test": "has_equipment", "subject": "other", "domain": "hand", "value": "raigen:blast_quake"},
                  { "test" :  "is_family", "subject" : "other", "value" :  "player"}
				]
			  }, "event": "minecraft:event_blast_quake"
		    }, "use_item": true, "play_sounds": "plop", "interact_text": "action.interact.place"
		  },
		  {
		    "on_interact": {
			  "filters": {
			    "all_of": [
				  { "test": "has_equipment", "subject": "other", "domain": "hand", "value": "raigen:earth_shaker"},
                  { "test" :  "is_family", "subject" : "other", "value" :  "player"}
				]
			  }, "event": "minecraft:event_earth_shaker"
		    }, "use_item": true, "play_sounds": "plop", "interact_text": "action.interact.place"
		  },
		  {
		    "on_interact": {
			  "filters": {
			    "all_of": [
				  { "test": "has_equipment", "subject": "other", "domain": "hand", "value": "raigen:glacier_breaker"},
                  { "test" :  "is_family", "subject" : "other", "value" :  "player"}
				]
			  }, "event": "minecraft:event_glacier_breaker"
		    }, "use_item": true, "play_sounds": "plop", "interact_text": "action.interact.place"
		  },
		  {
		    "on_interact": {
			  "filters": {
			    "all_of": [
				  { "test": "has_equipment", "subject": "other", "domain": "hand", "value": "raigen:hail_master"},
                  { "test" :  "is_family", "subject" : "other", "value" :  "player"}
				]
			  }, "event": "minecraft:event_hail_master"
		    }, "use_item": true, "play_sounds": "plop", "interact_text": "action.interact.place"
		  },
		  {
		    "on_interact": {
			  "filters": {
			    "all_of": [
				  { "test": "has_equipment", "subject": "other", "domain": "hand", "value": "raigen:ipo_ipo"},
                  { "test" :  "is_family", "subject" : "other", "value" :  "player"}
				]
			  }, "event": "minecraft:event_ipo_ipo"
		    }, "use_item": true, "play_sounds": "plop", "interact_text": "action.interact.place"
		  },
		  {
		    "on_interact": {
			  "filters": {
			    "all_of": [
				  { "test": "has_equipment", "subject": "other", "domain": "hand", "value": "raigen:meteor_fist"},
                  { "test" :  "is_family", "subject" : "other", "value" :  "player"}
				]
			  }, "event": "minecraft:event_meteor_fist"
		    }, "use_item": true, "play_sounds": "plop", "interact_text": "action.interact.place"
		  },
		  {
		    "on_interact": {
			  "filters": {
			    "all_of": [
				  { "test": "has_equipment", "subject": "other", "domain": "hand", "value": "raigen:polar_winds"},
                  { "test" :  "is_family", "subject" : "other", "value" :  "player"}
				]
			  }, "event": "minecraft:event_polar_winds"
		    }, "use_item": true, "play_sounds": "plop", "interact_text": "action.interact.place"
		  },
		  {
		    "on_interact": {
			  "filters": {
			    "all_of": [
				  { "test": "has_equipment", "subject": "other", "domain": "hand", "value": "raigen:solar_strike"},
                  { "test" :  "is_family", "subject" : "other", "value" :  "player"}
				]
			  }, "event": "minecraft:event_solar_strike"
		    }, "use_item": true, "play_sounds": "plop", "interact_text": "action.interact.place"
		  },
		  {
		    "on_interact": {
			  "filters": {
			    "all_of": [
				  { "test": "has_equipment", "subject": "other", "domain": "hand", "value": "raigen:sonic_gust"},
                  { "test" :  "is_family", "subject" : "other", "value" :  "player"}
				]
			  }, "event": "minecraft:event_sonic_gust"
		    }, "use_item": true, "play_sounds": "plop", "interact_text": "action.interact.place"
		  },
		  {
		    "on_interact": {
			  "filters": {
			    "all_of": [
				  { "test": "has_equipment", "subject": "other", "domain": "hand", "value": "raigen:swift_mist"},
                  { "test" :  "is_family", "subject" : "other", "value" :  "player"}
				]
			  }, "event": "minecraft:event_swift_mist"
		    }, "use_item": true, "play_sounds": "plop", "interact_text": "action.interact.place"
		  },
		  {
		    "on_interact": {
			  "filters": {
			    "all_of": [
				  { "test": "has_equipment", "subject": "other", "domain": "hand", "value": "raigen:void_burst"},
                  { "test" :  "is_family", "subject" : "other", "value" :  "player"}
				]
			  }, "event": "minecraft:event_void_burst"
		    }, "use_item": true, "play_sounds": "plop", "interact_text": "action.interact.place"
		  },
		  
		  {
		    "on_interact": {
			  "filters": {
			    "all_of": [
				  { "test": "has_equipment", "subject": "other", "domain": "hand", "value": "raigen:spell_tile_atomic_wave"},
                  { "test" :  "is_family", "subject" : "other", "value" :  "player"}
				]
			  }, "event": "minecraft:event_spell_tile_atomic_wave"
		    }, "use_item": true, "play_sounds": "plop", "interact_text": "action.interact.place"
		  },
		  {
		    "on_interact": {
			  "filters": {
			    "all_of": [
				  { "test": "has_equipment", "subject": "other", "domain": "hand", "value": "raigen:spell_tile_blast_quake"},
                  { "test" :  "is_family", "subject" : "other", "value" :  "player"}
				]
			  }, "event": "minecraft:event_spell_tile_blast_quake"
		    }, "use_item": true, "play_sounds": "plop", "interact_text": "action.interact.place"
		  },
		  {
		    "on_interact": {
			  "filters": {
			    "all_of": [
				  { "test": "has_equipment", "subject": "other", "domain": "hand", "value": "raigen:spell_tile_earth_shaker"},
                  { "test" :  "is_family", "subject" : "other", "value" :  "player"}
				]
			  }, "event": "minecraft:event_spell_tile_earth_shaker"
		    }, "use_item": true, "play_sounds": "plop", "interact_text": "action.interact.place"
		  },
		  {
		    "on_interact": {
			  "filters": {
			    "all_of": [
				  { "test": "has_equipment", "subject": "other", "domain": "hand", "value": "raigen:spell_tile_glacier_breaker"},
                  { "test" :  "is_family", "subject" : "other", "value" :  "player"}
				]
			  }, "event": "minecraft:event_spell_tile_glacier_breaker"
		    }, "use_item": true, "play_sounds": "plop", "interact_text": "action.interact.place"
		  },
		  {
		    "on_interact": {
			  "filters": {
			    "all_of": [
				  { "test": "has_equipment", "subject": "other", "domain": "hand", "value": "raigen:spell_tile_hail_master"},
                  { "test" :  "is_family", "subject" : "other", "value" :  "player"}
				]
			  }, "event": "minecraft:event_spell_tile_hail_master"
		    }, "use_item": true, "play_sounds": "plop", "interact_text": "action.interact.place"
		  },
		  {
		    "on_interact": {
			  "filters": {
			    "all_of": [
				  { "test": "has_equipment", "subject": "other", "domain": "hand", "value": "raigen:spell_tile_ipo_ipo"},
                  { "test" :  "is_family", "subject" : "other", "value" :  "player"}
				]
			  }, "event": "minecraft:event_spell_tile_ipo_ipo"
		    }, "use_item": true, "play_sounds": "plop", "interact_text": "action.interact.place"
		  },
		  {
		    "on_interact": {
			  "filters": {
			    "all_of": [
				  { "test": "has_equipment", "subject": "other", "domain": "hand", "value": "raigen:spell_tile_meteor_fist"},
                  { "test" :  "is_family", "subject" : "other", "value" :  "player"}
				]
			  }, "event": "minecraft:event_spell_tile_meteor_fist"
		    }, "use_item": true, "play_sounds": "plop", "interact_text": "action.interact.place"
		  },
		  {
		    "on_interact": {
			  "filters": {
			    "all_of": [
				  { "test": "has_equipment", "subject": "other", "domain": "hand", "value": "raigen:spell_tile_polar_winds"},
                  { "test" :  "is_family", "subject" : "other", "value" :  "player"}
				]
			  }, "event": "minecraft:event_spell_tile_polar_winds"
		    }, "use_item": true, "play_sounds": "plop", "interact_text": "action.interact.place"
		  },
		  {
		    "on_interact": {
			  "filters": {
			    "all_of": [
				  { "test": "has_equipment", "subject": "other", "domain": "hand", "value": "raigen:spell_tile_solar_strike"},
                  { "test" :  "is_family", "subject" : "other", "value" :  "player"}
				]
			  }, "event": "minecraft:event_spell_tile_solar_strike"
		    }, "use_item": true, "play_sounds": "plop", "interact_text": "action.interact.place"
		  },
		  {
		    "on_interact": {
			  "filters": {
			    "all_of": [
				  { "test": "has_equipment", "subject": "other", "domain": "hand", "value": "raigen:spell_tile_sonic_gust"},
                  { "test" :  "is_family", "subject" : "other", "value" :  "player"}
				]
			  }, "event": "minecraft:event_spell_tile_sonic_gust"
		    }, "use_item": true, "play_sounds": "plop", "interact_text": "action.interact.place"
		  },
		  {
		    "on_interact": {
			  "filters": {
			    "all_of": [
				  { "test": "has_equipment", "subject": "other", "domain": "hand", "value": "raigen:spell_tile_swift_mist"},
                  { "test" :  "is_family", "subject" : "other", "value" :  "player"}
				]
			  }, "event": "minecraft:event_spell_tile_swift_mist"
		    }, "use_item": true, "play_sounds": "plop", "interact_text": "action.interact.place"
		  },
		  {
		    "on_interact": {
			  "filters": {
			    "all_of": [
				  { "test": "has_equipment", "subject": "other", "domain": "hand", "value": "raigen:spell_tile_void_burst"},
                  { "test" :  "is_family", "subject" : "other", "value" :  "player"}
				]
			  }, "event": "minecraft:event_spell_tile_void_burst"
		    }, "use_item": true, "play_sounds": "plop", "interact_text": "action.interact.place"
		  }
		]
	  },
	  
	  "minecraft:atomic_wave": {
	    "minecraft:variant": { "value": 1 },
		"minecraft:loot": {
		  "table": "loot_tables/elemental_weapons/item_ground_elemental_weapons/atomic_wave.json"
		}
	  },
	  "minecraft:blast_quake": {
	    "minecraft:variant": { "value": 2 },
		"minecraft:loot": {
		  "table": "loot_tables/elemental_weapons/item_ground_elemental_weapons/blast_quake.json"
		}
	  },
	  "minecraft:earth_shaker": {
	    "minecraft:variant": { "value": 3 },
		"minecraft:loot": {
		  "table": "loot_tables/elemental_weapons/item_ground_elemental_weapons/earth_shaker.json"
		}
	  },
	  "minecraft:glacier_breaker": {
	    "minecraft:variant": { "value": 4 },
		"minecraft:loot": {
		  "table": "loot_tables/elemental_weapons/item_ground_elemental_weapons/glacier_breaker.json"
		}
	  },
	  "minecraft:hail_master": {
	    "minecraft:variant": { "value": 5 },
		"minecraft:loot": {
		  "table": "loot_tables/elemental_weapons/item_ground_elemental_weapons/hail_master.json"
		}
	  },
	  "minecraft:ipo_ipo": {
	    "minecraft:variant": { "value": 6 },
		"minecraft:loot": {
		  "table": "loot_tables/elemental_weapons/item_ground_elemental_weapons/ipo_ipo.json"
		}
	  },
	  "minecraft:meteor_fist": {
	    "minecraft:variant": { "value": 7 },
		"minecraft:loot": {
		  "table": "loot_tables/elemental_weapons/item_ground_elemental_weapons/meteor_fist.json"
		}
	  },
	  "minecraft:polar_winds": {
	    "minecraft:variant": { "value": 8 },
		"minecraft:loot": {
		  "table": "loot_tables/elemental_weapons/item_ground_elemental_weapons/polar_winds.json"
		}
	  },
	  "minecraft:solar_strike": {
	    "minecraft:variant": { "value": 9 },
		"minecraft:loot": {
		  "table": "loot_tables/elemental_weapons/item_ground_elemental_weapons/solar_strike.json"
		}
	  },
	  "minecraft:sonic_gust": {
	    "minecraft:variant": { "value": 10 },
		"minecraft:loot": {
		  "table": "loot_tables/elemental_weapons/item_ground_elemental_weapons/sonic_gust.json"
		}
	  },
	  "minecraft:swift_mist": {
	    "minecraft:variant": { "value": 11 },
		"minecraft:loot": {
		  "table": "loot_tables/elemental_weapons/item_ground_elemental_weapons/swift_mist.json"
		}
	  },
	  "minecraft:void_burst": {
	    "minecraft:variant": { "value": 12 },
		"minecraft:loot": {
		  "table": "loot_tables/elemental_weapons/item_ground_elemental_weapons/void_burst.json"
		}
	  },
	  
	  "minecraft:spell_tile_atomic_wave": { "minecraft:transformation": { "into": "raigen:place_spell_tile<minecraft:event_atomic_wave>" } },
	  "minecraft:spell_tile_blast_quake": { "minecraft:transformation": { "into": "raigen:place_spell_tile<minecraft:event_blast_quake>" } },
	  "minecraft:spell_tile_earth_shaker": { "minecraft:transformation": { "into": "raigen:place_spell_tile<minecraft:event_earth_shaker>" } },
	  "minecraft:spell_tile_glacier_breaker": { "minecraft:transformation": { "into": "raigen:place_spell_tile<minecraft:event_glacier_breaker>" } },
	  "minecraft:spell_tile_hail_master": { "minecraft:transformation": { "into": "raigen:place_spell_tile<minecraft:event_hail_master>" } },
	  "minecraft:spell_tile_ipo_ipo": { "minecraft:transformation": { "into": "raigen:place_spell_tile<minecraft:event_ipo_ipo>" } },
	  "minecraft:spell_tile_meteor_fist": { "minecraft:transformation": { "into": "raigen:place_spell_tile<minecraft:event_meteor_fist>" } },
	  "minecraft:spell_tile_polar_winds": { "minecraft:transformation": { "into": "raigen:place_spell_tile<minecraft:event_polar_winds>" } },
	  "minecraft:spell_tile_solar_strike": { "minecraft:transformation": { "into": "raigen:place_spell_tile<minecraft:event_solar_strike>" } },
	  "minecraft:spell_tile_sonic_gust": { "minecraft:transformation": { "into": "raigen:place_spell_tile<minecraft:event_sonic_gust>" } },
	  "minecraft:spell_tile_swift_mist": { "minecraft:transformation": { "into": "raigen:place_spell_tile<minecraft:event_swift_mist>" } },
	  "minecraft:spell_tile_void_burst": { "minecraft:transformation": { "into": "raigen:place_spell_tile<minecraft:event_void_burst>" } },
	  
	  "minecraft:despawn": {
		"minecraft:scale": {
		  "value": 0.000000000000001
		}
	  }
	},
	
    "components": {
      "minecraft:type_family": {
        "family": [ "inanimate" ]
      },
      "minecraft:push_through": {
        "value": 1
      },
      "minecraft:collision_box": {
        "width": 0.1,
        "height": 0.1
      },
      "minecraft:knockback_resistance": {
        "value": 1.0
      },
	  "minecraft:damage_sensor": [
	    {
		  "on_damage": {
		    "filters": {
			  "all_of": [
			    {"test": "has_damage", "value": "fatal"}
			  ]
			},
			"event": "minecraft:event_despawn"
		  }
		}
	  ],
      "minecraft:health": {
        "value": 1
	  },
      "minecraft:is_stackable": {},
      "minecraft:fall_damage": {
        "value": 0.0
      },
      "minecraft:behavior.float": {
        "priority": 0
      },
	  "minecraft:physics": {
	  }
    },
	
	"events": {
	  "minecraft:entity_spawned": {
	    "add": {
		  "component_groups": [ "minecraft:default" ]
		}
	  },
	  "minecraft:event_despawn": {
	    "add": {
		  "component_groups": [ "minecraft:despawn" ]
		}
	  },
	  
	  "minecraft:event_atomic_wave": {
	    "add": { "component_groups": [ "minecraft:atomic_wave" ] },
	    "remove": { "component_groups": [ "minecraft:default" ] }
	  },
	  "minecraft:event_blast_quake": {
	    "add": { "component_groups": [ "minecraft:blast_quake" ] },
	    "remove": { "component_groups": [ "minecraft:default" ] }
	  },
	  "minecraft:event_earth_shaker": {
	    "add": { "component_groups": [ "minecraft:earth_shaker" ] },
	    "remove": { "component_groups": [ "minecraft:default" ] }
	  },
	  "minecraft:event_glacier_breaker": {
	    "add": { "component_groups": [ "minecraft:glacier_breaker" ] },
	    "remove": { "component_groups": [ "minecraft:default" ] }
	  },
	  "minecraft:event_hail_master": {
	    "add": { "component_groups": [ "minecraft:hail_master" ] },
	    "remove": { "component_groups": [ "minecraft:default" ] }
	  },
	  "minecraft:event_ipo_ipo": {
	    "add": { "component_groups": [ "minecraft:ipo_ipo" ] },
	    "remove": { "component_groups": [ "minecraft:default" ] }
	  },
	  "minecraft:event_meteor_fist": {
	    "add": { "component_groups": [ "minecraft:meteor_fist" ] },
	    "remove": { "component_groups": [ "minecraft:default" ] }
	  },
	  "minecraft:event_polar_winds": {
	    "add": { "component_groups": [ "minecraft:polar_winds" ] },
	    "remove": { "component_groups": [ "minecraft:default" ] }
	  },
	  "minecraft:event_solar_strike": {
	    "add": { "component_groups": [ "minecraft:solar_strike" ] },
	    "remove": { "component_groups": [ "minecraft:default" ] }
	  },
	  "minecraft:event_sonic_gust": {
	    "add": { "component_groups": [ "minecraft:sonic_gust" ] },
	    "remove": { "component_groups": [ "minecraft:default" ] }
	  },
	  "minecraft:event_swift_mist": {
	    "add": { "component_groups": [ "minecraft:swift_mist" ] },
	    "remove": { "component_groups": [ "minecraft:default" ] }
	  },
	  "minecraft:event_void_burst": {
	    "add": { "component_groups": [ "minecraft:void_burst" ] },
	    "remove": { "component_groups": [ "minecraft:default" ] }
	  },
	  "minecraft:event_spell_tile_atomic_wave": {
	    "add": { "component_groups": [ "minecraft:spell_tile_atomic_wave" ] },
	    "remove": { "component_groups": [ "minecraft:default" ] }
	  },
	  "minecraft:event_spell_tile_blast_quake": {
	    "add": { "component_groups": [ "minecraft:spell_tile_blast_quake" ] },
	    "remove": { "component_groups": [ "minecraft:default" ] }
	  },
	  "minecraft:event_spell_tile_earth_shaker": {
	    "add": { "component_groups": [ "minecraft:spell_tile_earth_shaker" ] },
	    "remove": { "component_groups": [ "minecraft:default" ] }
	  },
	  "minecraft:event_spell_tile_glacier_breaker": {
	    "add": { "component_groups": [ "minecraft:spell_tile_glacier_breaker" ] },
	    "remove": { "component_groups": [ "minecraft:default" ] }
	  },
	  "minecraft:event_spell_tile_hail_master": {
	    "add": { "component_groups": [ "minecraft:spell_tile_hail_master" ] },
	    "remove": { "component_groups": [ "minecraft:default" ] }
	  },
	  "minecraft:event_spell_tile_ipo_ipo": {
	    "add": { "component_groups": [ "minecraft:spell_tile_ipo_ipo" ] },
	    "remove": { "component_groups": [ "minecraft:default" ] }
	  },
	  "minecraft:event_spell_tile_meteor_fist": {
	    "add": { "component_groups": [ "minecraft:spell_tile_meteor_fist" ] },
	    "remove": { "component_groups": [ "minecraft:default" ] }
	  },
	  "minecraft:event_spell_tile_polar_winds": {
	    "add": { "component_groups": [ "minecraft:spell_tile_polar_winds" ] },
	    "remove": { "component_groups": [ "minecraft:default" ] }
	  },
	  "minecraft:event_spell_tile_solar_strike": {
	    "add": { "component_groups": [ "minecraft:spell_tile_solar_strike" ] },
	    "remove": { "component_groups": [ "minecraft:default" ] }
	  },
	  "minecraft:event_spell_tile_sonic_gust": {
	    "add": { "component_groups": [ "minecraft:spell_tile_sonic_gust" ] },
	    "remove": { "component_groups": [ "minecraft:default" ] }
	  },
	  "minecraft:event_spell_tile_swift_mist": {
	    "add": { "component_groups": [ "minecraft:spell_tile_swift_mist" ] },
	    "remove": { "component_groups": [ "minecraft:default" ] }
	  },
	  "minecraft:event_spell_tile_void_burst": {
	    "add": { "component_groups": [ "minecraft:spell_tile_void_burst" ] },
	    "remove": { "component_groups": [ "minecraft:default" ] }
	  }
	}
  }
}