{
  "format_version": "1.8.0",
  "minecraft:entity": {
	"description": {
      "identifier": "raigen:meteor_fist_projectile",
      "is_spawnable": false,
      "is_summonable": true,
      "is_experimental": false,
      "runtime_identifier": "minecraft:snowball",
	  "scripts": {
	    "animate": [ "particles" ]
	  },
	  "animations": {
	    "particles": "controller.animation.meteor_fist_projectile"
	  }
    },
	
	"component_groups": {
      "minecraft:explode": {
        "minecraft:explode": {
          "fuseLength": 0,
          "fuseLit": true,
          "power": 3,
		  "breaks_blocks": true,
          "causesFire": false
        }
      },
	  "minecraft:despawn": {
		"minecraft:type_family": {
		  "family": [ "despawncito" ]
		}
	  }
	},
	
    "components": {
	  "minecraft:type_family": {
	    "family": [ "inanimate" ]
	  },
	  "minecraft:damage_sensor": [
	    {
		  "on_damage": {
		    "filters": {
			  "all_of": [
			    { "test": "has_damage", "subject": "self", "value": "any" }
			  ]
			},
			"event": "minecraft:event_explode"
		  }
		}
	  ],
      "minecraft:projectile": {
        "onHit": {
          "impact_damage": {
            "damage": 8,
            "knockback": false,
            "semirandomdiffdamage": false,
            "destroyonhit": true
          },
          "definition_event": {
            "affectProjectile": true,
            "eventTrigger": {
			  "event": "minecraft:event_explode",
			  "target": "self"
			}
          }
        },
        "power": 0.8,
        "gravity": 0.05,
        "inertia": 1.05,
        "uncertaintyBase": 0.5,
        "uncertaintyMultiplier": 1,
        "anchor": 1,
        "offset": [0, 0, -2],
        "reflectOnHurt": true,
        "catch_fire": false
      },
	  "minecraft:collision_box": {
	    "height": 0.001,
		"width": 0.001
	  },
      "minecraft:push_through": {
        "value": 1
      },
	  "minecraft:despawn": {
	    "filters": {
		  "all_of": [
		    { "test": "is_family", "subject": "self", "value": "despawncito" }
		  ]
		}
	  },
	  "minecraft:physics": {
	    "has_gravity": false,
		"has_collision": false
	  }
    },
	
	"events": {
	  "minecraft:event_despawncito": {
	    "add": { "component_groups": [ "minecraft:despawn" ] }
	  },
	  "minecraft:event_explode": {
	    "add": { "component_groups": [ "minecraft:explode" ] }
	  }
	}
  }
}