{
  "format_version": "1.8.0",
  "minecraft:entity": {
	"description": {
      "identifier": "raigen:place_spell_tile",
      "is_spawnable": false,
      "is_summonable": true,
      "is_experimental": false
    },
	
	"component_groups": {
	  "minecraft:spell_tile_atomic_wave": {
	    "minecraft:variant": { "value": 0 },
		"minecraft:loot": {
		  "table": "loot_tables/elemental_weapons/item_ground_elemental_weapons/spell_tile_atomic_wave.json"
		}
	  },
	  "minecraft:spell_tile_blast_quake": {
	    "minecraft:variant": { "value": 1 },
		"minecraft:loot": {
		  "table": "loot_tables/elemental_weapons/item_ground_elemental_weapons/spell_tile_blast_quake.json"
		}
	  },
	  "minecraft:spell_tile_earth_shaker": {
	    "minecraft:variant": { "value": 2 },
		"minecraft:loot": {
		  "table": "loot_tables/elemental_weapons/item_ground_elemental_weapons/spell_tile_earth_shaker.json"
		}
	  },
	  "minecraft:spell_tile_glacier_breaker": {
	    "minecraft:variant": { "value": 3},
		"minecraft:loot": {
		  "table": "loot_tables/elemental_weapons/item_ground_elemental_weapons/spell_tile_glacier_breaker.json"
		}
	  },
	  "minecraft:spell_tile_hail_master": {
	    "minecraft:variant": { "value": 4 },
		"minecraft:loot": {
		  "table": "loot_tables/elemental_weapons/item_ground_elemental_weapons/spell_tile_hail_master.json"
		}
	  },
	  "minecraft:spell_tile_ipo_ipo": {
	    "minecraft:variant": { "value": 5 },
		"minecraft:loot": {
		  "table": "loot_tables/elemental_weapons/item_ground_elemental_weapons/spell_tile_ipo_ipo.json"
		}
	  },
	  "minecraft:spell_tile_meteor_fist": {
	    "minecraft:variant": { "value": 6 },
		"minecraft:loot": {
		  "table": "loot_tables/elemental_weapons/item_ground_elemental_weapons/spell_tile_meteor_fist.json"
		}
	  },
	  "minecraft:spell_tile_polar_winds": {
	    "minecraft:variant": { "value": 7 },
		"minecraft:loot": {
		  "table": "loot_tables/elemental_weapons/item_ground_elemental_weapons/spell_tile_polar_winds.json"
		}
	  },
	  "minecraft:spell_tile_solar_strike": {
	    "minecraft:variant": { "value": 8 },
		"minecraft:loot": {
		  "table": "loot_tables/elemental_weapons/item_ground_elemental_weapons/spell_tile_solar_strike.json"
		}
	  },
	  "minecraft:spell_tile_sonic_gust": {
	    "minecraft:variant": { "value": 9 },
		"minecraft:loot": {
		  "table": "loot_tables/elemental_weapons/item_ground_elemental_weapons/spell_tile_sonic_gust.json"
		}
	  },
	  "minecraft:spell_tile_swift_mist": {
	    "minecraft:variant": { "value": 10 },
		"minecraft:loot": {
		  "table": "loot_tables/elemental_weapons/item_ground_elemental_weapons/spell_tile_swift_mist.json"
		}
	  },
	  "minecraft:spell_tile_void_burst": {
	    "minecraft:variant": { "value": 11 },
		"minecraft:loot": {
		  "table": "loot_tables/elemental_weapons/item_ground_elemental_weapons/spell_tile_void_burst.json"
		}
	  },
	  "minecraft:despawn": {
		"minecraft:scale": {
		  "value": 0.000000000000001
		}
	  }
	},
	
	
    "components": {
	  "minecraft:damage_sensor": [
	    {
		  "on_damage": {
		    "filters": {
			  "all_of": [
			    {"test": "has_damage", "value": "fatal"}
			  ]
			},
			"event": "minecraft:event_despawn"
		  }
		}
	  ],
      "minecraft:type_family": {
        "family": [ "inanimate" ]
      },
      "minecraft:push_through": {
        "value": 1
      },
      "minecraft:collision_box": {
        "width": 0.2,
        "height": 0.2
      },
      "minecraft:knockback_resistance": {
        "value": 1.0
      },
      "minecraft:is_stackable": {},
	  "minecraft:loot": {
	    "table": "loot_tables/place_me/b_folder/book.json"
	  },
      "minecraft:health": {
        "value": 1
	  },
      "minecraft:fall_damage": {
        "value": 0.0
      },
      "minecraft:behavior.float": {
        "priority": 0
      },
	  "minecraft:physics": {}, "minecraft:pushable": { "is_pushable": true, "is_pushable_by_piston": true
	  }
    },
	
	"events": {
	  "minecraft:event_atomic_wave": { "add": { "component_groups": [ "minecraft:spell_tile_atomic_wave" ] } },
	  "minecraft:event_blast_quake": { "add": { "component_groups": [ "minecraft:spell_tile_blast_quake" ] } },
	  "minecraft:event_earth_shaker": { "add": { "component_groups": [ "minecraft:spell_tile_earth_shaker" ] } },
	  "minecraft:event_glacier_breaker": { "add": { "component_groups": [ "minecraft:spell_tile_glacier_breaker" ] } },
	  "minecraft:event_hail_master": { "add": { "component_groups": [ "minecraft:spell_tile_hail_master" ] } },
	  "minecraft:event_ipo_ipo": { "add": { "component_groups": [ "minecraft:spell_tile_ipo_ipo" ] } },
	  "minecraft:event_meteor_fist": { "add": { "component_groups": [ "minecraft:spell_tile_meteor_fist" ] } },
	  "minecraft:event_polar_winds": { "add": { "component_groups": [ "minecraft:spell_tile_polar_winds" ] } },
	  "minecraft:event_solar_strike": { "add": { "component_groups": [ "minecraft:spell_tile_solar_strike" ] } },
	  "minecraft:event_sonic_gust": { "add": { "component_groups": [ "minecraft:spell_tile_sonic_gust" ] } },
	  "minecraft:event_swift_mist": { "add": { "component_groups": [ "minecraft:spell_tile_swift_mist" ] } },
	  "minecraft:event_void_burst": { "add": { "component_groups": [ "minecraft:spell_tile_void_burst" ] } },
	  
	  "minecraft:event_despawn": {
	    "add": {
		  "component_groups": [
		    "minecraft:despawn"
		  ]
		}
	  }
	}
  }
}