{
  "format_version": "1.8.0",
  "minecraft:entity": {
    "description": {
      "identifier": "raigen:polar_winds_frost",
      "is_spawnable": false,
      "is_summonable": true,
      "is_experimental": false,
	  "scripts": {
	    "animate": [ "freeze" ]
	  },
	  "animations": {
	    "freeze": "controller.animation.polar_winds_frost"
	  }
    },

    "components": {
	  "minecraft:despawn": {
	    "filters": {
		  "all_of": [
		    { "test": "is_mark_variant", "subject": "self", "value": 1 }
		  ]
		}
	  },
	  "minecraft:mark_variant": { "value": 1 },
      "minecraft:physics": {
      }
    }
  }
}
