{
  "format_version": "1.8.0",
  "minecraft:client_entity": {
    "description": {
      "identifier": "raigen:earth_shaker_spike",
      "materials": {
        "default": "translucence"
      },
      "textures": {
        "damage_0": "textures/elemental_weapons/earth_shaker_spike/damage_0",
        "damage_1": "textures/elemental_weapons/earth_shaker_spike/damage_1",
        "damage_2": "textures/elemental_weapons/earth_shaker_spike/damage_2",
        "damage_3": "textures/elemental_weapons/earth_shaker_spike/damage_3"
      },
      "animations": {
        "move": "animation.earth_shaker_spike.move"
      },
      "animation_controllers": [
        { "move": "controller.animation.mover.move" }
      ],
      "geometry": {
        "default": "geometry.earth_shaker_spike"
      },
      "render_controllers": [ "controller.render.variant_glacier_breaker_ice" ]
    }
  }
}