{
  "format_version": "1.8.0",
  "minecraft:client_entity": {
    "description": {
      "identifier": "raigen:earth_shaker_crater",
      "materials": {
        "default": "translucence"
      },
      "textures": {
        "default": "textures/elemental_weapons/earth_shaker_crater"
      },
      "animations": {
        "move": "animation.blast_quake_crater.move"
      },
      "animation_controllers": [
        { "move": "controller.animation.mover.move" }
      ],
      "geometry": {
        "default": "geometry.blast_quake_crater"
      },
      "render_controllers": [ "controller.render.translucence" ]
    }
  }
}