{
  "format_version": "1.8.0",
  "minecraft:client_entity": {
    "description": {
      "identifier": "raigen:glacier_breaker_ice",
      "materials": {
        "default": "glass",
		"invisible": "glow_glass_blender"
      },
      "textures": {
        "damage_0": "textures/elemental_weapons/glacier_breaker_ice/damage_0",
        "damage_1": "textures/elemental_weapons/glacier_breaker_ice/damage_1",
        "damage_2": "textures/elemental_weapons/glacier_breaker_ice/damage_2",
        "damage_3": "textures/elemental_weapons/glacier_breaker_ice/damage_3"
      },
      "animations": {
        "move": "animation.glacier_breaker_ice.move"
      },
      "animation_controllers": [
        { "move": "controller.animation.mover.move" }
      ],
      "geometry": {
        "default": "geometry.glacier_breaker_ice"
      },
      "render_controllers": [ "controller.render.variant_glacier_breaker_ice" ]
    }
  }
}