{
  "format_version": "1.8.0",
  "minecraft:client_entity": {
    "description": {
      "identifier": "raigen:item_ground_elemental_weapons",
      "materials": {
	    "default": "translucence"
	  },
      "textures": {
        "default": "textures/elemental_weapons/items/item_ground_elemental_weapons",
		
        "atomic_wave": "textures/elemental_weapons/items/atomic_wave",
        "blast_quake": "textures/elemental_weapons/items/blast_quake",
        "earth_shaker": "textures/elemental_weapons/items/earth_shaker",
        "glacier_breaker": "textures/elemental_weapons/items/glacier_breaker",
        "hail_master": "textures/elemental_weapons/items/hail_master",
        "ipo_ipo": "textures/elemental_weapons/items/ipo_ipo",
        "meteor_fist": "textures/elemental_weapons/items/meteor_fist",
        "polar_winds": "textures/elemental_weapons/items/polar_winds",
        "solar_strike": "textures/elemental_weapons/items/solar_strike",
        "sonic_gust": "textures/elemental_weapons/items/sonic_gust",
        "swift_mist": "textures/elemental_weapons/items/swift_mist",
        "void_burst": "textures/elemental_weapons/items/void_burst"
      },
	  "spawn_egg": {
	    "texture": "elemental_weapons",
		"texture_index": 0
	  },
      "geometry": {
        "default": "geometry.item_ground_elemental_weapons"
      },
      "render_controllers": [ "controller.render.variant_item_ground_elemental_weapons" ]
    }
  }
}