{
  "format_version": "1.8.0",
  "minecraft:client_entity": {
    "description": {
      "identifier": "raigen:place_spell_tile",
      "materials": {
	    "default": "translucence"
	  },
      "textures": {
        "atomic_wave": "textures/elemental_weapons/amalgam_pillar/tiles/amount_1_atomic_wave",
        "blast_quake": "textures/elemental_weapons/amalgam_pillar/tiles/amount_1_blast_quake",
        "earth_shaker": "textures/elemental_weapons/amalgam_pillar/tiles/amount_1_earth_shaker",
        "glacier_breaker": "textures/elemental_weapons/amalgam_pillar/tiles/amount_1_glacier_breaker",
        "hail_master": "textures/elemental_weapons/amalgam_pillar/tiles/amount_1_hail_master",
        "ipo_ipo": "textures/elemental_weapons/amalgam_pillar/tiles/amount_1_ipo_ipo",
        "meteor_fist": "textures/elemental_weapons/amalgam_pillar/tiles/amount_1_meteor_fist",
        "polar_winds": "textures/elemental_weapons/amalgam_pillar/tiles/amount_1_polar_winds",
        "solar_strike": "textures/elemental_weapons/amalgam_pillar/tiles/amount_1_solar_strike",
        "sonic_gust": "textures/elemental_weapons/amalgam_pillar/tiles/amount_1_sonic_gust",
        "swift_mist": "textures/elemental_weapons/amalgam_pillar/tiles/amount_1_swift_mist",
        "void_burst": "textures/elemental_weapons/amalgam_pillar/tiles/amount_1_void_burst"
      },
      "geometry": {
        "default": "geometry.place_spell_tile"
      },
      "render_controllers": [ "controller.render.variant_place_spell_tile" ]
    }
  }
}