{
  "format_version": "1.8.0",
  "minecraft:client_entity": {
    "description": {
      "identifier": "raigen:smooth_granite_amalgam_pillar",
      "materials": {
        "default": "translucence"
      },
      "textures": {
        "default": "textures/elemental_weapons/amalgam_pillar/smooth_granite",
        "empty": "textures/elemental_weapons/amalgam_pillar/tiles/no_amount",
		
        "amount_1_atomic_wave": "textures/elemental_weapons/amalgam_pillar/tiles/amount_1_atomic_wave",
        "amount_2_atomic_wave": "textures/elemental_weapons/amalgam_pillar/tiles/amount_2_atomic_wave",
        "amount_3_atomic_wave": "textures/elemental_weapons/amalgam_pillar/tiles/amount_3_atomic_wave",
        "amount_4_atomic_wave": "textures/elemental_weapons/amalgam_pillar/tiles/amount_4_atomic_wave",
        "item_ready_atomic_wave": "textures/elemental_weapons/amalgam_pillar/item_ready",
		
        "amount_1_blast_quake": "textures/elemental_weapons/amalgam_pillar/tiles/amount_1_blast_quake",
        "amount_2_blast_quake": "textures/elemental_weapons/amalgam_pillar/tiles/amount_2_blast_quake",
        "amount_3_blast_quake": "textures/elemental_weapons/amalgam_pillar/tiles/amount_3_blast_quake",
        "amount_4_blast_quake": "textures/elemental_weapons/amalgam_pillar/tiles/amount_4_blast_quake",
        "item_ready_blast_quake": "textures/elemental_weapons/amalgam_pillar/item_ready",
		
        "amount_1_earth_shaker": "textures/elemental_weapons/amalgam_pillar/tiles/amount_1_earth_shaker",
        "amount_2_earth_shaker": "textures/elemental_weapons/amalgam_pillar/tiles/amount_2_earth_shaker",
        "amount_3_earth_shaker": "textures/elemental_weapons/amalgam_pillar/tiles/amount_3_earth_shaker",
        "amount_4_earth_shaker": "textures/elemental_weapons/amalgam_pillar/tiles/amount_4_earth_shaker",
        "item_ready_earth_shaker": "textures/elemental_weapons/amalgam_pillar/item_ready",
		
        "amount_1_glacier_breaker": "textures/elemental_weapons/amalgam_pillar/tiles/amount_1_glacier_breaker",
        "amount_2_glacier_breaker": "textures/elemental_weapons/amalgam_pillar/tiles/amount_2_glacier_breaker",
        "amount_3_glacier_breaker": "textures/elemental_weapons/amalgam_pillar/tiles/amount_3_glacier_breaker",
        "amount_4_glacier_breaker": "textures/elemental_weapons/amalgam_pillar/tiles/amount_4_glacier_breaker",
        "item_ready_glacier_breaker": "textures/elemental_weapons/amalgam_pillar/item_ready",
		
        "amount_1_hail_master": "textures/elemental_weapons/amalgam_pillar/tiles/amount_1_hail_master",
        "amount_2_hail_master": "textures/elemental_weapons/amalgam_pillar/tiles/amount_2_hail_master",
        "amount_3_hail_master": "textures/elemental_weapons/amalgam_pillar/tiles/amount_3_hail_master",
        "amount_4_hail_master": "textures/elemental_weapons/amalgam_pillar/tiles/amount_4_hail_master",
        "item_ready_hail_master": "textures/elemental_weapons/amalgam_pillar/item_ready",
		
        "amount_1_ipo_ipo": "textures/elemental_weapons/amalgam_pillar/tiles/amount_1_ipo_ipo",
        "amount_2_ipo_ipo": "textures/elemental_weapons/amalgam_pillar/tiles/amount_2_ipo_ipo",
        "amount_3_ipo_ipo": "textures/elemental_weapons/amalgam_pillar/tiles/amount_3_ipo_ipo",
        "amount_4_ipo_ipo": "textures/elemental_weapons/amalgam_pillar/tiles/amount_4_ipo_ipo",
        "item_ready_ipo_ipo": "textures/elemental_weapons/amalgam_pillar/item_ready",
		
        "amount_1_meteor_fist": "textures/elemental_weapons/amalgam_pillar/tiles/amount_1_meteor_fist",
        "amount_2_meteor_fist": "textures/elemental_weapons/amalgam_pillar/tiles/amount_2_meteor_fist",
        "amount_3_meteor_fist": "textures/elemental_weapons/amalgam_pillar/tiles/amount_3_meteor_fist",
        "amount_4_meteor_fist": "textures/elemental_weapons/amalgam_pillar/tiles/amount_4_meteor_fist",
        "item_ready_meteor_fist": "textures/elemental_weapons/amalgam_pillar/item_ready",
		
        "amount_1_polar_winds": "textures/elemental_weapons/amalgam_pillar/tiles/amount_1_polar_winds",
        "amount_2_polar_winds": "textures/elemental_weapons/amalgam_pillar/tiles/amount_2_polar_winds",
        "amount_3_polar_winds": "textures/elemental_weapons/amalgam_pillar/tiles/amount_3_polar_winds",
        "amount_4_polar_winds": "textures/elemental_weapons/amalgam_pillar/tiles/amount_4_polar_winds",
        "item_ready_polar_winds": "textures/elemental_weapons/amalgam_pillar/item_ready",
		
        "amount_1_solar_strike": "textures/elemental_weapons/amalgam_pillar/tiles/amount_1_solar_strike",
        "amount_2_solar_strike": "textures/elemental_weapons/amalgam_pillar/tiles/amount_2_solar_strike",
        "amount_3_solar_strike": "textures/elemental_weapons/amalgam_pillar/tiles/amount_3_solar_strike",
        "amount_4_solar_strike": "textures/elemental_weapons/amalgam_pillar/tiles/amount_4_solar_strike",
        "item_ready_solar_strike": "textures/elemental_weapons/amalgam_pillar/item_ready",
		
        "amount_1_sonic_gust": "textures/elemental_weapons/amalgam_pillar/tiles/amount_1_sonic_gust",
        "amount_2_sonic_gust": "textures/elemental_weapons/amalgam_pillar/tiles/amount_2_sonic_gust",
        "amount_3_sonic_gust": "textures/elemental_weapons/amalgam_pillar/tiles/amount_3_sonic_gust",
        "amount_4_sonic_gust": "textures/elemental_weapons/amalgam_pillar/tiles/amount_4_sonic_gust",
        "item_ready_sonic_gust": "textures/elemental_weapons/amalgam_pillar/item_ready",
		
        "amount_1_swift_mist": "textures/elemental_weapons/amalgam_pillar/tiles/amount_1_swift_mist",
        "amount_2_swift_mist": "textures/elemental_weapons/amalgam_pillar/tiles/amount_2_swift_mist",
        "amount_3_swift_mist": "textures/elemental_weapons/amalgam_pillar/tiles/amount_3_swift_mist",
        "amount_4_swift_mist": "textures/elemental_weapons/amalgam_pillar/tiles/amount_4_swift_mist",
        "item_ready_swift_mist": "textures/elemental_weapons/amalgam_pillar/item_ready",
		
        "amount_1_void_burst": "textures/elemental_weapons/amalgam_pillar/tiles/amount_1_void_burst",
        "amount_2_void_burst": "textures/elemental_weapons/amalgam_pillar/tiles/amount_2_void_burst",
        "amount_3_void_burst": "textures/elemental_weapons/amalgam_pillar/tiles/amount_3_void_burst",
        "amount_4_void_burst": "textures/elemental_weapons/amalgam_pillar/tiles/amount_4_void_burst",
        "item_ready_void_burst": "textures/elemental_weapons/amalgam_pillar/item_ready"
      },
      "animations": {
        "move": "animation.amalgam_pillar.move"
      },
      "animation_controllers": [
        { "move": "controller.animation.mover.move" }
      ],
	  "spawn_egg": {
	    "texture": "elemental_weapons",
		"texture_index": 2
	  },
      "geometry": {
        "base_texture": "geometry.amalgam_pillar",
        "has_result": "geometry.amalgam_pillar_has_result"
      },
      "render_controllers": [
	    "controller.render.variant_amalgam_pillar_base",
	    "controller.render.variant_amalgam_pillar_tiles"
	  ]
    }
  }
}