{
  "pools": [
    {
      "rolls": 1,
      "entries": [
        {
          "type": "item",
          "name": "minecraft:iron_ingot",
          "functions": [
            {
              "function": "set_count",
              "count": {
                "min": 1,
                "max": 5
              }
            }
          ],
          "weight": 10
        },
        {
          "type": "item",
          "name": "raigen:spell_tile_glacier_breaker",
          "weight": 30,
		  "functions": [
		    {
			  "function": "set_count",
			  "count": {
			    "min": 0,
				"max": 2
			  }
			}
		  ]
        },
        {
          "type": "item",
          "name": "raigen:spell_tile_hail_master",
          "weight": 30,
		  "functions": [
		    {
			  "function": "set_count",
			  "count": {
			    "min": 0,
				"max": 2
			  }
			}
		  ]
        },
        {
          "type": "item",
          "name": "raigen:spell_tile_polar_winds",
          "weight": 30,
		  "functions": [
		    {
			  "function": "set_count",
			  "count": {
			    "min": 0,
				"max": 2
			  }
			}
		  ]
        },
        {
          "type": "item",
          "name": "minecraft:redstone",
          "functions": [
            {
              "function": "set_count",
              "count": {
                "min": 1,
                "max": 4
              }
            }
          ],
          "weight": 10
        },
        {
          "type": "item",
          "name": "minecraft:bread",
          "weight": 10
        },
        {
          "type": "item",
          "name": "minecraft:golden_apple",
          "weight": 10
        },
        {
          "type": "item",
          "name": "minecraft:wheat",
          "functions": [
            {
              "function": "set_count",
              "count": {
                "min": 1,
                "max": 4
              }
            }
          ],
          "weight": 10
        },
        {
          "type": "item",
          "name": "minecraft:gunpowder",
          "functions": [
            {
              "function": "set_count",
              "count": {
                "min": 1,
                "max": 4
              }
            }
          ],
          "weight": 10
        },
        {
          "type": "item",
          "name": "minecraft:string",
          "functions": [
            {
              "function": "set_count",
              "count": {
                "min": 1,
                "max": 4
              }
            }
          ],
          "weight": 10
        },
        {
          "type": "item",
          "name": "minecraft:name_tag",
          "weight": 10
        },
        {
          "type": "item",
          "name": "minecraft:bucket",
          "weight": 5
        },
        {
          "type": "item",
          "name": "minecraft:horsearmoriron",
          "weight": 5
        },
        {
          "type": "item",
          "name": "minecraft:horsearmorgold",
          "weight": 2
        },
        {
          "type": "item",
          "name": "minecraft:book",
          "weight": 1,
          "functions": [
            {
              "function": "enchant_randomly"
            }
          ]
        }
      ]
    }
  ]
}