{
  "format_version": "1.12",
  "minecraft:recipe_shaped": {
    "description": {
      "identifier": "slimy_bone_jatana_69ebf3e6"
    },
    "tags": [
      "crafting_table"
    ],
    "pattern": [
      "  A",
      " B ",
      "B  "
    ],
    "key": {
      "A": {
        "item": "minecraft:slime_ball",
        "data": 0
      },
      "B": {
        "item": "minecraft:bone",
        "data": 0
      }
    },
    "result": {
      "item": "spartantools:slimy_bone_jatana",
      "count": 1
    }
  }
}