{
  "format_version": "1.12",
  "minecraft:recipe_shaped": {
    "description": {
      "identifier": "iron_battel_axe_03a23fdf"
    },
    "tags": [
      "crafting_table"
    ],
    "pattern": [
      "ABA",
      " C ",
      " C "
    ],
    "key": {
      "A": {
        "item": "minecraft:iron_ingot",
        "data": 0
      },
      "B": {
        "item": "minecraft:iron_block",
        "data": 0
      },
      "C": {
        "item": "minecraft:stick",
        "data": 0
      }
    },
    "result": {
      "item": "spartantools:iron_battel_axe",
      "count": 1
    }
  }
}