{
  "format_version": "1.12",
  "minecraft:recipe_shaped": {
    "description": {
      "identifier": "iron_great_sword_30c1b85b"
    },
    "tags": [
      "crafting_table"
    ],
    "pattern": [
      "  A",
      "BA ",
      "CB "
    ],
    "key": {
      "A": {
        "item": "minecraft:iron_block",
        "data": 0
      },
      "B": {
        "item": "minecraft:iron_ingot",
        "data": 0
      },
      "C": {
        "item": "minecraft:stick",
        "data": 0
      }
    },
    "result": {
      "item": "spartantools:iron_great_sword",
      "count": 1
    }
  }
}