{
  "format_version": "1.12",
  "minecraft:recipe_shaped": {
    "description": {
      "identifier": "gold_great_sword_eca6c252"
    },
    "tags": [
      "crafting_table"
    ],
    "pattern": [
      "  A",
      "BA ",
      "CB "
    ],
    "key": {
      "A": {
        "item": "minecraft:gold_block",
        "data": 0
      },
      "B": {
        "item": "minecraft:gold_ingot",
        "data": 0
      },
      "C": {
        "item": "minecraft:stick",
        "data": 0
      }
    },
    "result": {
      "item": "spartantools:gold_great_sword",
      "count": 1
    }
  }
}